"4627.60";"Auvergne";"07"
"4800.60";"Auvergne";"08"
"7005.60";"Auvergne";"09"
"16010.20";"Bretagne";"07"
"15102.48";"Bretagne";"08"
"15102.48";"Bretagne";"09"
"3946.00";"Haute-Normandie";"07"
"6714.00";"Haute-Normandie";"08"
"7979.00";"Haute-Normandie";"09"
"10633.80";"Pays de la Loire";"07"
"14032.60";"Pays de la Loire";"08"
"15862.60";"Pays de la Loire";"09"
"17615.38";"Provence Alpes Côtes d'Azur";"07"
"12027.30";"Provence Alpes Côtes d'Azur";"08"
"14605.90";"Provence Alpes Côtes d'Azur";"09"
